consumption_L,NOx_g,CO_g,HC_g,PM_g,CO2_g
11904.508216415119,47353.48823862454,177575.58089484644,15389.883677554328,1183.8372059657518,31427901.691337876
